split,model,k,exact,ci_lo,ci_hi
test,A_jev,1,0.9087,0.8879,0.9309
test,A_jev,2,0.8462,0.8221,0.8722
test,A_jev,3,0.8225,0.7937,0.8514
test,A_jev,4,0.7788,0.7457,0.8113
test,B0_typed,1,0.3937,0.3475,0.4422
test,B0_typed,2,0.2238,0.1900,0.2563
test,B0_typed,3,0.1212,0.1020,0.1397
test,B0_typed,4,0.0912,0.0741,0.1079
test,B_typed,1,1.0000,1.0000,1.0000
test,B_typed,2,0.9962,0.9924,1.0000
test,B_typed,3,0.9925,0.9874,0.9975
test,B_typed,4,0.9850,0.9726,0.9950
test,D0_gen,1,0.4000,0.3617,0.4408
test,D0_gen,2,0.1775,0.1530,0.2022
test,D0_gen,3,0.0963,0.0748,0.1175
test,D0_gen,4,0.0625,0.0467,0.0784
test,D_gen,1,0.9975,0.9938,1.0000
test,D_gen,2,0.9900,0.9838,0.9950
test,D_gen,3,0.9800,0.9688,0.9900
test,D_gen,4,0.9675,0.9484,0.9836
test,persistence,1,0.3500,,
test,persistence,2,0.2288,,
test,persistence,3,0.1663,,
test,persistence,4,0.1562,,
x1,A_jev,1,0.9475,0.9239,0.9700
x1,A_jev,2,0.9125,0.8794,0.9425
x1,A_jev,3,0.8750,0.8317,0.9162
x1,A_jev,4,0.8550,0.8100,0.8970
x1,B0_typed,1,0.3425,0.2828,0.4086
x1,B0_typed,2,0.1400,0.1095,0.1741
x1,B0_typed,3,0.0575,0.0323,0.0866
x1,B0_typed,4,0.0425,0.0224,0.0659
x1,B_typed,1,0.8975,0.8417,0.9340
x1,B_typed,2,0.8000,0.7388,0.8507
x1,B_typed,3,0.7725,0.7096,0.8244
x1,B_typed,4,0.7150,0.6575,0.7677
x1,D0_gen,1,0.2025,0.1550,0.2537
x1,D0_gen,2,0.0825,0.0522,0.1173
x1,D0_gen,3,0.0475,0.0228,0.0754
x1,D0_gen,4,0.0225,0.0077,0.0381
x1,D_gen,1,0.9150,0.8892,0.9387
x1,D_gen,2,0.7875,0.7463,0.8250
x1,D_gen,3,0.7325,0.6800,0.7819
x1,D_gen,4,0.6650,0.6088,0.7211
x1,persistence,1,0.4025,,
x1,persistence,2,0.3000,,
x1,persistence,3,0.2150,,
x1,persistence,4,0.1800,,
